feature,category,selected_folds,selection_frequency,mean_abs_l1_coefficient,subject_level_std,subject_level_unique_count,subject_level_missing_count,is_constant,is_near_constant,l1_selected_any,l1_selected_near_constant
std_delta_delta_log_energy,Delta / Delta-delta,5,1.0,0.6528054453237668,0.007949844354702586,251,0,False,False,True,False
tqwt_kurtosisValue_dec_33,TQWT,5,1.0,0.44732782360382217,13.327562626073325,252,0,False,False,True,False
tqwt_meanValue_dec_5,TQWT,5,1.0,0.24463386133170922,5.615004514295451e-21,251,0,False,True,True,True
tqwt_medianValue_dec_33,TQWT,5,1.0,0.21849446108419218,0.0011301066339528174,252,0,False,False,True,False
mean_MFCC_6th_coef,MFCC,5,1.0,0.21841003116141144,0.7931158759691571,252,0,False,False,True,False
tqwt_meanValue_dec_11,TQWT,5,1.0,0.17943857871184415,4.540279266019237e-20,250,0,False,True,True,True
tqwt_medianValue_dec_10,TQWT,5,1.0,0.16134675885252642,4.833456965949474e-05,251,0,False,False,True,False
IMF_SNR_SEO,Other,5,1.0,0.0846713270630136,109.66880282630231,252,0,False,False,True,False
tqwt_meanValue_dec_17,TQWT,5,1.0,0.06638728390566224,2.412253477762061e-19,251,0,False,True,True,True
tqwt_entropy_log_dec_26,TQWT,4,0.8,0.31178181271040123,4478.311167618668,252,0,False,False,True,False
std_9th_delta_delta,Delta / Delta-delta,4,0.8,0.27672925287779937,0.004621840252114953,252,0,False,False,True,False
tqwt_kurtosisValue_dec_27,TQWT,4,0.8,0.26962656318783973,37.08850984852903,251,0,False,False,True,False
det_LT_entropy_shannon_4_coef,Wavelet,4,0.8,0.2576317472406252,1.4484434094582428,252,0,False,False,True,False
tqwt_medianValue_dec_25,TQWT,4,0.8,0.25411792957920154,0.0025847932433931435,181,0,False,False,True,False
mean_2nd_delta,Delta / Delta-delta,4,0.8,0.2207408063244732,0.0034419352490476425,252,0,False,False,True,False
tqwt_medianValue_dec_9,TQWT,4,0.8,0.21286016880988318,3.494083068116639e-05,251,0,False,False,True,False
tqwt_medianValue_dec_13,TQWT,4,0.8,0.2117508910053349,0.00010194166317496506,251,0,False,False,True,False
tqwt_skewnessValue_dec_14,TQWT,4,0.8,0.1856792561954333,0.014718922398993445,252,0,False,False,True,False
tqwt_TKEO_mean_dec_21,TQWT,4,0.8,0.1667681128822483,0.11634433920601023,252,0,False,False,True,False
std_MFCC_2nd_coef,MFCC,4,0.8,0.15750019233013277,0.14843791403127055,251,0,False,False,True,False
mean_11th_delta_delta,Delta / Delta-delta,4,0.8,0.1451711907576156,0.00019327318731351015,252,0,False,False,True,False
tqwt_medianValue_dec_29,TQWT,4,0.8,0.14136126978037677,0.0035881554950552945,252,0,False,False,True,False
tqwt_meanValue_dec_25,TQWT,4,0.8,0.11071178139541962,5.360888726834538e-19,249,0,False,True,True,True
tqwt_meanValue_dec_22,TQWT,4,0.8,0.10910266933000698,7.136519862238269e-19,250,0,False,True,True,True
mean_MFCC_7th_coef,MFCC,4,0.8,0.09963424156629554,0.7733665997897692,252,0,False,False,True,False
GNE_NSR_SEO,Nonlinear,4,0.8,0.09513073032102681,0.032493557622828045,237,0,False,False,True,False
b4,Formant / Bandwidth,4,0.8,0.09497210028370592,417.1509956335488,252,0,False,False,True,False
tqwt_TKEO_mean_dec_31,TQWT,4,0.8,0.08971443616210754,0.021595175565228504,252,0,False,False,True,False
tqwt_meanValue_dec_16,TQWT,4,0.8,0.0820570502567177,2.2119459912516254e-19,251,0,False,True,True,True
tqwt_meanValue_dec_18,TQWT,4,0.8,0.0624468254273034,6.511300175078883e-19,252,0,False,True,True,True
tqwt_skewnessValue_dec_24,TQWT,4,0.8,0.060656754759881235,0.07653505322093752,252,0,False,False,True,False
tqwt_meanValue_dec_3,TQWT,4,0.8,0.05259118124738922,4.128668010332473e-21,251,0,False,True,True,True
std_6th_delta_delta,Delta / Delta-delta,3,0.6,0.28643196074045985,0.006211563348181346,252,0,False,False,True,False
std_7th_delta_delta,Delta / Delta-delta,3,0.6,0.282372147046507,0.005503259858658112,251,0,False,False,True,False
tqwt_skewnessValue_dec_17,TQWT,3,0.6,0.2321580263943221,0.009253870865870895,252,0,False,False,True,False
tqwt_energy_dec_25,TQWT,3,0.6,0.18187853212012356,0.08709537976825013,252,0,False,False,True,False
mean_delta_log_energy,Delta / Delta-delta,3,0.6,0.1691607537042052,0.0038365898807469654,252,0,False,False,True,False
tqwt_entropy_shannon_dec_25,TQWT,3,0.6,0.15783660418933926,314.56976251996554,252,0,False,False,True,False
tqwt_kurtosisValue_dec_26,TQWT,3,0.6,0.15259448001542508,38.412282103906236,250,0,False,False,True,False
tqwt_skewnessValue_dec_28,TQWT,3,0.6,0.13886198164790656,1.0961963285777472,252,0,False,False,True,False
tqwt_energy_dec_15,TQWT,3,0.6,0.13182141353966678,0.04869269130014433,252,0,False,False,True,False
mean_10th_delta_delta,Delta / Delta-delta,3,0.6,0.12977393303273524,0.00018771044169963195,252,0,False,False,True,False
tqwt_TKEO_std_dec_12,TQWT,3,0.6,0.1221928606643318,0.0036730653855481885,252,0,False,False,True,False
tqwt_meanValue_dec_12,TQWT,3,0.6,0.11160080525552116,6.783991962166135e-20,252,0,False,True,True,True
tqwt_energy_dec_18,TQWT,3,0.6,0.11158548550704109,0.08370314679160336,252,0,False,False,True,False
tqwt_medianValue_dec_19,TQWT,3,0.6,0.1049056213067886,0.0024037473018188194,252,0,False,False,True,False
mean_3rd_delta_delta,Delta / Delta-delta,3,0.6,0.10242185319112158,0.00029993153157647395,252,0,False,False,True,False
tqwt_skewnessValue_dec_6,TQWT,3,0.6,0.07419989517617534,0.6743515254829818,252,0,False,False,True,False
GNE_NSR_TKEO,Nonlinear,3,0.6,0.07393582156760872,0.05844113691032307,250,0,False,False,True,False
tqwt_kurtosisValue_dec_11,TQWT,3,0.6,0.06711044779600331,24.007348281068058,252,0,False,False,True,False
DFA,Nonlinear,3,0.6,0.0648127876742807,0.06616222630518774,251,0,False,False,True,False
mean_12th_delta_delta,Delta / Delta-delta,3,0.6,0.06417135769625669,0.00016842216610555853,252,0,False,False,True,False
tqwt_kurtosisValue_dec_18,TQWT,3,0.6,0.05274254521314916,0.9505442648065496,252,0,False,False,True,False
tqwt_medianValue_dec_17,TQWT,3,0.6,0.04387356328283483,0.0006173277965498204,178,0,False,False,True,False
tqwt_medianValue_dec_5,TQWT,3,0.6,0.04273100563915559,5.694648480784122e-06,179,0,False,False,True,False
tqwt_skewnessValue_dec_21,TQWT,3,0.6,0.03857948571288865,0.00664897571309784,252,0,False,False,True,False
tqwt_meanValue_dec_24,TQWT,3,0.6,0.026427248929958274,5.036225157673655e-19,249,0,False,True,True,True
tqwt_TKEO_std_dec_11,TQWT,2,0.4,0.1672320241008019,0.0016180764896734144,252,0,False,False,True,False
tqwt_medianValue_dec_36,TQWT,2,0.4,0.16068617251769474,0.0073888910563004425,251,0,False,False,True,False
tqwt_kurtosisValue_dec_28,TQWT,2,0.4,0.12533587209482558,35.45120028460854,251,0,False,False,True,False
tqwt_entropy_log_dec_33,TQWT,2,0.4,0.10085334058603013,864.6311079543106,252,0,False,False,True,False
std_9th_delta,Delta / Delta-delta,2,0.4,0.08054507712453307,0.009858824007424775,252,0,False,False,True,False
GQ_prc5_95,Other,2,0.4,0.07976804176162136,0.10066992574016731,159,0,False,False,True,False
tqwt_meanValue_dec_7,TQWT,2,0.4,0.07801819008532468,1.873717242756284e-20,252,0,False,True,True,True
tqwt_medianValue_dec_14,TQWT,2,0.4,0.07675536204906115,0.0006031927655959487,252,0,False,False,True,False
tqwt_energy_dec_24,TQWT,2,0.4,0.06581002002930218,0.08640103879984296,252,0,False,False,True,False
std_10th_delta,Delta / Delta-delta,2,0.4,0.06392482099071072,0.010080985566828982,252,0,False,False,True,False
tqwt_medianValue_dec_1,TQWT,2,0.4,0.0612241192119522,1.4706389855037521e-06,250,0,False,False,True,False
tqwt_medianValue_dec_12,TQWT,2,0.4,0.06063784656259765,4.1909526755997594e-05,252,0,False,False,True,False
tqwt_stdValue_dec_33,TQWT,2,0.4,0.05920972498430042,0.05442805797147073,252,0,False,False,True,False
tqwt_maxValue_dec_25,TQWT,2,0.4,0.056426952645328265,0.5277268211376133,252,0,False,False,True,False
tqwt_maxValue_dec_6,TQWT,2,0.4,0.053056183611338945,0.0419294570171402,252,0,False,False,True,False
tqwt_medianValue_dec_8,TQWT,2,0.4,0.047334039331255864,1.427161239380174e-05,250,0,False,False,True,False
tqwt_skewnessValue_dec_12,TQWT,2,0.4,0.047004962607396776,0.02358430477211904,252,0,False,False,True,False
tqwt_medianValue_dec_7,TQWT,2,0.4,0.04600800660334855,1.3091522495184385e-05,252,0,False,False,True,False
tqwt_skewnessValue_dec_9,TQWT,2,0.4,0.0444421134288643,0.07108983680304838,252,0,False,False,True,False
IMF_NSR_TKEO,Other,2,0.4,0.04190928349599234,8.069920087947933,252,0,False,False,True,False
tqwt_minValue_dec_12,TQWT,2,0.4,0.04022710671032005,0.08771895730578913,252,0,False,False,True,False
tqwt_kurtosisValue_dec_20,TQWT,2,0.4,0.03716971567417836,0.7375061873366606,250,0,False,False,True,False
tqwt_entropy_shannon_dec_23,TQWT,2,0.4,0.036598271248577285,151.16310041727976,252,0,False,False,True,False
tqwt_medianValue_dec_6,TQWT,2,0.4,0.03574078845476046,8.69080043396495e-06,251,0,False,False,True,False
tqwt_medianValue_dec_2,TQWT,2,0.4,0.03410837117022571,2.235990351654676e-06,252,0,False,False,True,False
tqwt_kurtosisValue_dec_36,TQWT,2,0.4,0.032172787088052254,29.402826898739306,252,0,False,False,True,False
VFER_SNR_SEO,Other,2,0.4,0.03184830027563405,231.88506807905472,252,0,False,False,True,False
std_8th_delta,Delta / Delta-delta,2,0.4,0.03160554422102044,0.009980204270499638,252,0,False,False,True,False
det_TKEO_mean_5_coef,Other,2,0.4,0.023028589807258894,2115.2177307129255,252,0,False,False,True,False
tqwt_meanValue_dec_15,TQWT,2,0.4,0.022663136794212602,4.1322424412978595e-19,252,0,False,True,True,True
mean_MFCC_2nd_coef,MFCC,2,0.4,0.01911750936349831,1.6008244386502515,251,0,False,False,True,False
tqwt_skewnessValue_dec_27,TQWT,2,0.4,0.018523127574527155,0.9634290935928078,252,0,False,False,True,False
tqwt_meanValue_dec_4,TQWT,2,0.4,0.017561981296310505,4.684072241903329e-21,251,0,False,True,True,True
mean_8th_delta_delta,Delta / Delta-delta,2,0.4,0.015421413913023855,0.00020534225606019718,252,0,False,False,True,False
mean_MFCC_1st_coef,MFCC,2,0.4,0.013770079024951315,1.555992102832819,252,0,False,False,True,False
tqwt_meanValue_dec_19,TQWT,2,0.4,0.01343653905989009,9.57762728915303e-19,251,0,False,True,True,True
std_7th_delta,Delta / Delta-delta,1,0.2,0.11167343111053625,0.011828916751884024,252,0,False,False,True,False
tqwt_skewnessValue_dec_4,TQWT,1,0.2,0.10907198833147935,1.0962446513904507,252,0,False,False,True,False
std_6th_delta,Delta / Delta-delta,1,0.2,0.0990142997366266,0.01316788492577514,252,0,False,False,True,False
tqwt_maxValue_dec_24,TQWT,1,0.2,0.09712743857006946,0.4441276966307492,252,0,False,False,True,False
tqwt_kurtosisValue_dec_21,TQWT,1,0.2,0.06872917920569799,0.6669396793436599,252,0,False,False,True,False
mean_7th_delta_delta,Delta / Delta-delta,1,0.2,0.06348204642271854,0.00028836440199808374,252,0,False,False,True,False
tqwt_energy_dec_19,TQWT,1,0.2,0.06206833032147052,0.06864963438808644,252,0,False,False,True,False
tqwt_entropy_shannon_dec_27,TQWT,1,0.2,0.060269409991657065,712.4832392900621,252,0,False,False,True,False
tqwt_minValue_dec_25,TQWT,1,0.2,0.05370824492107967,0.5272004200418894,251,0,False,False,True,False
det_entropy_log_9_coef,Wavelet,1,0.2,0.050191946627635306,29.249980821158275,252,0,False,False,True,False
tqwt_stdValue_dec_25,TQWT,1,0.2,0.049496719430442884,0.2806622414607202,252,0,False,False,True,False
det_entropy_log_1_coef,Wavelet,1,0.2,0.04873404723479764,187.46419599956005,252,0,False,False,True,False
tqwt_kurtosisValue_dec_1,TQWT,1,0.2,0.04702261865178646,2933.0932231279908,252,0,False,False,True,False
tqwt_kurtosisValue_dec_35,TQWT,1,0.2,0.04665931720304761,11.497168524908826,252,0,False,False,True,False
tqwt_kurtosisValue_dec_16,TQWT,1,0.2,0.04609395893300324,1.148412061120188,252,0,False,False,True,False
mean_5th_delta,Delta / Delta-delta,1,0.2,0.04522263475246722,0.0024609748380686773,252,0,False,False,True,False
tqwt_maxValue_dec_5,TQWT,1,0.2,0.043009085941294725,0.03956306555114057,252,0,False,False,True,False
tqwt_meanValue_dec_36,TQWT,1,0.2,0.04186297098968852,0.007196318312881078,252,0,False,False,True,False
det_LT_entropy_shannon_3_coef,Wavelet,1,0.2,0.03940050151558321,0.7992280993454524,252,0,False,False,True,False
tqwt_medianValue_dec_22,TQWT,1,0.2,0.039173640796589096,0.0008950049453173759,251,0,False,False,True,False
tqwt_meanValue_dec_30,TQWT,1,0.2,0.037678934135017425,2.314822788316234e-19,249,0,False,True,True,True
tqwt_skewnessValue_dec_3,TQWT,1,0.2,0.036751666819027536,0.09681189419714974,252,0,False,False,True,False
std_MFCC_12th_coef,MFCC,1,0.2,0.036176569044127194,0.05369579516410517,251,0,False,False,True,False
tqwt_maxValue_dec_11,TQWT,1,0.2,0.03340536117787401,0.05724136723373308,252,0,False,False,True,False
apq11Shimmer,Shimmer,1,0.2,0.03222883165622989,0.028503556830923312,250,0,False,False,True,False
tqwt_medianValue_dec_4,TQWT,1,0.2,0.031223125839525086,4.343657932392675e-06,250,0,False,False,True,False
det_LT_entropy_log_9_coef,Wavelet,1,0.2,0.030240991591090054,29.848637668950882,252,0,False,False,True,False
f2,Formant / Bandwidth,1,0.2,0.027026252512841,158.40476961317108,252,0,False,False,True,False
tqwt_skewnessValue_dec_25,TQWT,1,0.2,0.026680324441164006,0.16733850979797452,252,0,False,False,True,False
tqwt_skewnessValue_dec_11,TQWT,1,0.2,0.02620453037194424,0.10805348853098264,252,0,False,False,True,False
mean_delta_delta_0th,Delta / Delta-delta,1,0.2,0.024574470607073677,0.0006857172709620739,252,0,False,False,True,False
tqwt_medianValue_dec_20,TQWT,1,0.2,0.02455797826865549,0.0006085356711373855,181,0,False,False,True,False
tqwt_minValue_dec_5,TQWT,1,0.2,0.02386581005701663,0.03950061543458402,252,0,False,False,True,False
tqwt_skewnessValue_dec_35,TQWT,1,0.2,0.0237604387627463,0.8513657077666263,252,0,False,False,True,False
tqwt_entropy_shannon_dec_17,TQWT,1,0.2,0.021985627521952184,475.37680090506956,252,0,False,False,True,False
tqwt_meanValue_dec_2,TQWT,1,0.2,0.0207144455282501,3.3302428670843045e-21,251,0,False,True,True,True
tqwt_energy_dec_11,TQWT,1,0.2,0.02060334419677557,0.005671576828616317,252,0,False,False,True,False
tqwt_entropy_log_dec_28,TQWT,1,0.2,0.020432907164844177,2951.1453926890817,252,0,False,False,True,False
mean_MFCC_8th_coef,MFCC,1,0.2,0.019707458677801944,0.8057762858796013,252,0,False,False,True,False
tqwt_entropy_shannon_dec_35,TQWT,1,0.2,0.019016757390430048,3.910448067496541,252,0,False,False,True,False
mean_4th_delta,Delta / Delta-delta,1,0.2,0.015116883593481617,0.0020796972940963637,252,0,False,False,True,False
tqwt_energy_dec_12,TQWT,1,0.2,0.014140690819242196,0.011263559896773849,252,0,False,False,True,False
stdDevPeriodPulses,Other,1,0.2,0.013407179153616422,0.0005330818070701856,249,0,False,False,True,False
tqwt_TKEO_mean_dec_18,TQWT,1,0.2,0.012931560046702659,0.204714503716906,252,0,False,False,True,False
det_LT_entropy_log_1_coef,Wavelet,1,0.2,0.01239825416320414,188.46247531121796,252,0,False,False,True,False
tqwt_skewnessValue_dec_18,TQWT,1,0.2,0.010783055379409379,0.00551526587646374,252,0,False,False,True,False
tqwt_meanValue_dec_13,TQWT,1,0.2,0.01071090456082262,1.5362947138834184e-19,252,0,False,True,True,True
tqwt_TKEO_mean_dec_30,TQWT,1,0.2,0.0106817949488761,0.07053834519685369,252,0,False,False,True,False
tqwt_entropy_shannon_dec_1,TQWT,1,0.2,0.010464681516904897,10.545973478739274,252,0,False,False,True,False
tqwt_medianValue_dec_26,TQWT,1,0.2,0.010263315871436075,0.0017420856701271903,250,0,False,False,True,False
IMF_NSR_entropy,Wavelet,1,0.2,0.009292640492695462,0.02912606145490033,252,0,False,False,True,False
mean_7th_delta,Delta / Delta-delta,1,0.2,0.009285579402717108,0.0019286032744448348,252,0,False,False,True,False
tqwt_minValue_dec_26,TQWT,1,0.2,0.009117741413636277,0.5538892628364362,252,0,False,False,True,False
b2,Formant / Bandwidth,1,0.2,0.008965162621014476,285.8383861835082,252,0,False,False,True,False
tqwt_stdValue_dec_7,TQWT,1,0.2,0.008737085585998556,0.005576135344642032,252,0,False,False,True,False
tqwt_skewnessValue_dec_33,TQWT,1,0.2,0.007097956208137799,0.7399390928329563,252,0,False,False,True,False
tqwt_kurtosisValue_dec_2,TQWT,1,0.2,0.006361888655723451,1343.7286416321817,252,0,False,False,True,False
tqwt_minValue_dec_17,TQWT,1,0.2,0.006104692906355131,0.3437270452153111,252,0,False,False,True,False
tqwt_meanValue_dec_14,TQWT,1,0.2,0.0059259408445847764,2.486242985627415e-19,252,0,False,True,True,True
tqwt_medianValue_dec_31,TQWT,1,0.2,0.005445619979567209,0.0009383105204714493,252,0,False,False,True,False
tqwt_medianValue_dec_3,TQWT,1,0.2,0.0032482400582002067,2.524975158290862e-06,252,0,False,False,True,False
tqwt_skewnessValue_dec_10,TQWT,1,0.2,0.00310218527900251,0.10140951294896586,252,0,False,False,True,False
b1,Formant / Bandwidth,1,0.2,0.0025202074207138674,202.34083173933368,252,0,False,False,True,False
tqwt_skewnessValue_dec_30,TQWT,1,0.2,0.002231484641099531,0.19366792697456126,252,0,False,False,True,False
tqwt_skewnessValue_dec_32,TQWT,1,0.2,0.001739576968244405,0.7317526603651772,252,0,False,False,True,False
tqwt_energy_dec_33,TQWT,1,0.2,0.00035131950637534243,0.006074726430650559,251,0,False,False,True,False
mean_MFCC_3rd_coef,MFCC,1,0.2,0.00030765336791000006,1.5857431583700954,251,0,False,False,True,False
PPE,Nonlinear,0,0.0,0.0,0.11975199146281733,252,0,False,False,False,False
RPDE,Nonlinear,0,0.0,0.0,0.126949011671002,252,0,False,False,False,False
numPulses,Other,0,0.0,0.0,93.04319146311943,225,0,False,False,False,False
numPeriodsPulses,Other,0,0.0,0.0,93.21443248710368,223,0,False,False,False,False
meanPeriodPulses,Other,0,0.0,0.0,0.0016966578228028895,252,0,False,False,False,False
locPctJitter,Jitter,0,0.0,0.0,0.002380158862540476,226,0,False,False,False,False
locAbsJitter,Jitter,0,0.0,0.0,2.070737785457488e-05,244,0,False,False,False,False
rapJitter,Jitter,0,0.0,0.0,0.000883847547080086,184,0,False,False,False,False
ppq5Jitter,Jitter,0,0.0,0.0,0.0015634032560503527,208,0,False,False,False,False
ddpJitter,Jitter,0,0.0,0.0,0.0026516360851890825,212,0,False,False,False,False
locShimmer,Shimmer,0,0.0,0.0,0.037521988662524014,250,0,False,False,False,False
locDbShimmer,Shimmer,0,0.0,0.0,0.33375170794214315,244,0,False,False,False,False
apq3Shimmer,Shimmer,0,0.0,0.0,0.019393021305727412,251,0,False,False,False,False
apq5Shimmer,Shimmer,0,0.0,0.0,0.023697910591854162,250,0,False,False,False,False
ddaShimmer,Shimmer,0,0.0,0.0,0.05817878432096385,252,0,False,False,False,False
meanAutoCorrHarmonicity,HNR / Harmonicity,0,0.0,0.0,0.05936149591717223,252,0,False,False,False,False
meanNoiseToHarmHarmonicity,HNR / Harmonicity,0,0.0,0.0,0.09628323015426693,252,0,False,False,False,False
meanHarmToNoiseHarmonicity,HNR / Harmonicity,0,0.0,0.0,5.202318210405596,252,0,False,False,False,False
minIntensity,Intensity,0,0.0,0.0,8.465378932466471,252,0,False,False,False,False
maxIntensity,Intensity,0,0.0,0.0,6.276421175841767,252,0,False,False,False,False
meanIntensity,Intensity,0,0.0,0.0,6.877177102762645,252,0,False,False,False,False
f1,Formant / Bandwidth,0,0.0,0.0,128.72116943013583,252,0,False,False,False,False
f3,Formant / Bandwidth,0,0.0,0.0,355.29676959190823,252,0,False,False,False,False
f4,Formant / Bandwidth,0,0.0,0.0,315.30769466479046,252,0,False,False,False,False
b3,Formant / Bandwidth,0,0.0,0.0,501.5005290256684,252,0,False,False,False,False
GQ_std_cycle_open,Other,0,0.0,0.0,26.508550268314643,252,0,False,False,False,False
GQ_std_cycle_closed,Other,0,0.0,0.0,5.317963214236612,161,0,False,False,False,False
GNE_mean,Nonlinear,0,0.0,0.0,0.3208760296117019,252,0,False,False,False,False
GNE_std,Nonlinear,0,0.0,0.0,0.11133228880725785,252,0,False,False,False,False
GNE_SNR_TKEO,Nonlinear,0,0.0,0.0,0.053902961034314835,252,0,False,False,False,False
GNE_SNR_SEO,Nonlinear,0,0.0,0.0,267230.0420958209,252,0,False,False,False,False
VFER_mean,Other,0,0.0,0.0,0.002290384179564767,252,0,False,False,False,False
VFER_std,Other,0,0.0,0.0,0.001668399986654827,252,0,False,False,False,False
VFER_entropy,Wavelet,0,0.0,0.0,5.5602092755846835,252,0,False,False,False,False
VFER_SNR_TKEO,Other,0,0.0,0.0,114.67886308413287,252,0,False,False,False,False
VFER_NSR_TKEO,Other,0,0.0,0.0,0.06722702716110025,249,0,False,False,False,False
VFER_NSR_SEO,Other,0,0.0,0.0,0.07925876800694658,245,0,False,False,False,False
IMF_SNR_TKEO,Other,0,0.0,0.0,2.0112712406686577,252,0,False,False,False,False
IMF_SNR_entropy,Wavelet,0,0.0,0.0,10.109117100601338,252,0,False,False,False,False
IMF_NSR_SEO,Other,0,0.0,0.0,0.05640868112074922,252,0,False,False,False,False
mean_Log_energy,Other,0,0.0,0.0,0.4949551877784423,252,0,False,False,False,False
mean_MFCC_0th_coef,MFCC,0,0.0,0.0,2.127666396592989,252,0,False,False,False,False
mean_MFCC_4th_coef,MFCC,0,0.0,0.0,1.2302859377972768,252,0,False,False,False,False
mean_MFCC_5th_coef,MFCC,0,0.0,0.0,0.9970573844583144,252,0,False,False,False,False
mean_MFCC_9th_coef,MFCC,0,0.0,0.0,0.783072214889216,252,0,False,False,False,False
mean_MFCC_10th_coef,MFCC,0,0.0,0.0,0.6987181778875112,252,0,False,False,False,False
mean_MFCC_11th_coef,MFCC,0,0.0,0.0,0.5552819057195407,252,0,False,False,False,False
mean_MFCC_12th_coef,MFCC,0,0.0,0.0,0.5793492607840585,252,0,False,False,False,False
mean_0th_delta,Delta / Delta-delta,0,0.0,0.0,0.00970620960168668,252,0,False,False,False,False
mean_1st_delta,Delta / Delta-delta,0,0.0,0.0,0.003398704052221194,252,0,False,False,False,False
mean_3rd_delta,Delta / Delta-delta,0,0.0,0.0,0.0028106787041074213,251,0,False,False,False,False
mean_6th_delta,Delta / Delta-delta,0,0.0,0.0,0.002419019153569761,252,0,False,False,False,False
mean_8th_delta,Delta / Delta-delta,0,0.0,0.0,0.0019122014040383823,252,0,False,False,False,False
mean_9th_delta,Delta / Delta-delta,0,0.0,0.0,0.001877781134981663,252,0,False,False,False,False
mean_10th_delta,Delta / Delta-delta,0,0.0,0.0,0.0016521593786676463,252,0,False,False,False,False
mean_11th_delta,Delta / Delta-delta,0,0.0,0.0,0.0016053177613171168,252,0,False,False,False,False
mean_12th_delta,Delta / Delta-delta,0,0.0,0.0,0.0014398095231282924,252,0,False,False,False,False
mean_delta_delta_log_energy,Delta / Delta-delta,0,0.0,0.0,0.00029097370415902447,252,0,False,False,False,False
mean_1st_delta_delta,Delta / Delta-delta,0,0.0,0.0,0.0004426562222116955,252,0,False,False,False,False
mean_2nd_delta_delta,Delta / Delta-delta,0,0.0,0.0,0.00034178198723201607,252,0,False,False,False,False
mean_4th_delta_delta,Delta / Delta-delta,0,0.0,0.0,0.00027960851615760113,251,0,False,False,False,False
mean_5th_delta_delta,Delta / Delta-delta,0,0.0,0.0,0.0002525407703179635,252,0,False,False,False,False
mean_6th_delta_delta,Delta / Delta-delta,0,0.0,0.0,0.00028144697559633514,252,0,False,False,False,False
mean_9th_delta_delta,Delta / Delta-delta,0,0.0,0.0,0.00019175770980680876,252,0,False,False,False,False
std_Log_energy,Other,0,0.0,0.0,0.2700060997565047,252,0,False,False,False,False
std_MFCC_0th_coef,MFCC,0,0.0,0.0,0.568027926298161,252,0,False,False,False,False
std_MFCC_1st_coef,MFCC,0,0.0,0.0,0.2849674886573293,251,0,False,False,False,False
std_MFCC_3rd_coef,MFCC,0,0.0,0.0,0.14288122568917566,251,0,False,False,False,False
std_MFCC_4th_coef,MFCC,0,0.0,0.0,0.12177525347669915,252,0,False,False,False,False
std_MFCC_5th_coef,MFCC,0,0.0,0.0,0.11612705262893656,252,0,False,False,False,False
std_MFCC_6th_coef,MFCC,0,0.0,0.0,0.10618404146703034,251,0,False,False,False,False
std_MFCC_7th_coef,MFCC,0,0.0,0.0,0.07997889892321729,252,0,False,False,False,False
std_MFCC_8th_coef,MFCC,0,0.0,0.0,0.07004229749779552,252,0,False,False,False,False
std_MFCC_9th_coef,MFCC,0,0.0,0.0,0.06446033007137981,252,0,False,False,False,False
std_MFCC_10th_coef,MFCC,0,0.0,0.0,0.06517429308432153,252,0,False,False,False,False
std_MFCC_11th_coef,MFCC,0,0.0,0.0,0.06058489562742171,252,0,False,False,False,False
std_delta_log_energy,Delta / Delta-delta,0,0.0,0.0,0.02573179818241642,252,0,False,False,False,False
std_0th_delta,Delta / Delta-delta,0,0.0,0.0,0.05252641621365371,251,0,False,False,False,False
std_1st_delta,Delta / Delta-delta,0,0.0,0.0,0.034655887351023706,252,0,False,False,False,False
std_2nd_delta,Delta / Delta-delta,0,0.0,0.0,0.020026459242586385,252,0,False,False,False,False
std_3rd_delta,Delta / Delta-delta,0,0.0,0.0,0.020172241969243155,252,0,False,False,False,False
std_4th_delta,Delta / Delta-delta,0,0.0,0.0,0.01688251716114789,252,0,False,False,False,False
std_5th_delta,Delta / Delta-delta,0,0.0,0.0,0.01534071838788841,252,0,False,False,False,False
std_11th_delta,Delta / Delta-delta,0,0.0,0.0,0.00861699706466596,250,0,False,False,False,False
std_12th_delta,Delta / Delta-delta,0,0.0,0.0,0.008286445446454242,252,0,False,False,False,False
std_delta_delta_0th,Delta / Delta-delta,0,0.0,0.0,0.019981523102260687,252,0,False,False,False,False
std_1st_delta_delta,Delta / Delta-delta,0,0.0,0.0,0.017671242020211492,251,0,False,False,False,False
std_2nd_delta_delta,Delta / Delta-delta,0,0.0,0.0,0.009719027555433005,252,0,False,False,False,False
std_3rd_delta_delta,Delta / Delta-delta,0,0.0,0.0,0.009926409969086253,252,0,False,False,False,False
std_4th_delta_delta,Delta / Delta-delta,0,0.0,0.0,0.008523407440141632,252,0,False,False,False,False
std_5th_delta_delta,Delta / Delta-delta,0,0.0,0.0,0.007415900081372007,252,0,False,False,False,False
std_8th_delta_delta,Delta / Delta-delta,0,0.0,0.0,0.00461733108569369,252,0,False,False,False,False
std_10th_delta_delta,Delta / Delta-delta,0,0.0,0.0,0.004764361229370594,252,0,False,False,False,False
std_11th_delta_delta,Delta / Delta-delta,0,0.0,0.0,0.0039336276621706155,250,0,False,False,False,False
std_12th_delta_delta,Delta / Delta-delta,0,0.0,0.0,0.003797504165142989,251,0,False,False,False,False
Ea,Other,0,0.0,0.0,0.24966313121115719,171,0,False,False,False,False
Ed_1_coef,Wavelet,0,0.0,0.0,0.01873015438746559,245,0,False,False,False,False
Ed_2_coef,Wavelet,0,0.0,0.0,0.016368814810962556,252,0,False,False,False,False
Ed_3_coef,Wavelet,0,0.0,0.0,0.013950701948391622,251,0,False,False,False,False
Ed_4_coef,Wavelet,0,0.0,0.0,0.017625433205536556,249,0,False,False,False,False
Ed_5_coef,Wavelet,0,0.0,0.0,0.01867383703195826,250,0,False,False,False,False
Ed_6_coef,Wavelet,0,0.0,0.0,0.012991525361014854,251,0,False,False,False,False
Ed_7_coef,Wavelet,0,0.0,0.0,0.012496603836019499,252,0,False,False,False,False
Ed_8_coef,Wavelet,0,0.0,0.0,0.05139405254092171,251,0,False,False,False,False
Ed_9_coef,Wavelet,0,0.0,0.0,0.015122402231430696,251,0,False,False,False,False
Ed_10_coef,Wavelet,0,0.0,0.0,0.10864423514878582,252,0,False,False,False,False
det_entropy_shannon_1_coef,Wavelet,0,0.0,0.0,466024.1086960616,252,0,False,False,False,False
det_entropy_shannon_2_coef,Wavelet,0,0.0,0.0,471999.53331105824,252,0,False,False,False,False
det_entropy_shannon_3_coef,Wavelet,0,0.0,0.0,503224.4829311353,252,0,False,False,False,False
det_entropy_shannon_4_coef,Wavelet,0,0.0,0.0,617929.1286675667,252,0,False,False,False,False
det_entropy_shannon_5_coef,Wavelet,0,0.0,0.0,508628.05207926064,252,0,False,False,False,False
det_entropy_shannon_6_coef,Wavelet,0,0.0,0.0,707616.9356206914,252,0,False,False,False,False
det_entropy_shannon_7_coef,Wavelet,0,0.0,0.0,865091.4138097117,252,0,False,False,False,False
det_entropy_shannon_8_coef,Wavelet,0,0.0,0.0,3575285.1071688747,252,0,False,False,False,False
det_entropy_shannon_9_coef,Wavelet,0,0.0,0.0,383806.14460988616,252,0,False,False,False,False
det_entropy_shannon_10_coef,Wavelet,0,0.0,0.0,5493969.426839324,252,0,False,False,False,False
det_entropy_log_2_coef,Wavelet,0,0.0,0.0,101.37413518993567,252,0,False,False,False,False
det_entropy_log_3_coef,Wavelet,0,0.0,0.0,57.8576521091395,252,0,False,False,False,False
det_entropy_log_4_coef,Wavelet,0,0.0,0.0,39.57989234125385,252,0,False,False,False,False
det_entropy_log_5_coef,Wavelet,0,0.0,0.0,32.23383670752636,252,0,False,False,False,False
det_entropy_log_6_coef,Wavelet,0,0.0,0.0,28.765991019213732,252,0,False,False,False,False
det_entropy_log_7_coef,Wavelet,0,0.0,0.0,28.58210352947254,252,0,False,False,False,False
det_entropy_log_8_coef,Wavelet,0,0.0,0.0,28.30385753607218,252,0,False,False,False,False
det_entropy_log_10_coef,Wavelet,0,0.0,0.0,30.111477148492185,252,0,False,False,False,False
det_TKEO_mean_1_coef,Other,0,0.0,0.0,414.051308860597,252,0,False,False,False,False
det_TKEO_mean_2_coef,Other,0,0.0,0.0,687.5269220927613,252,0,False,False,False,False
det_TKEO_mean_3_coef,Other,0,0.0,0.0,1433.108068396863,252,0,False,False,False,False
det_TKEO_mean_4_coef,Other,0,0.0,0.0,2253.5361674876303,252,0,False,False,False,False
det_TKEO_mean_6_coef,Other,0,0.0,0.0,3328.893913633011,252,0,False,False,False,False
det_TKEO_mean_7_coef,Other,0,0.0,0.0,4529.687848811642,252,0,False,False,False,False
det_TKEO_mean_8_coef,Other,0,0.0,0.0,24288.635747088978,252,0,False,False,False,False
det_TKEO_mean_9_coef,Other,0,0.0,0.0,2467.0246235863838,252,0,False,False,False,False
det_TKEO_mean_10_coef,Other,0,0.0,0.0,36384.05326733099,252,0,False,False,False,False
det_TKEO_std_1_coef,Other,0,0.0,0.0,1377.2916541503412,252,0,False,False,False,False
det_TKEO_std_2_coef,Other,0,0.0,0.0,1796.8203224503177,252,0,False,False,False,False
det_TKEO_std_3_coef,Other,0,0.0,0.0,2282.29347066291,252,0,False,False,False,False
det_TKEO_std_4_coef,Other,0,0.0,0.0,3889.1015203744714,252,0,False,False,False,False
det_TKEO_std_5_coef,Other,0,0.0,0.0,4895.239093894113,252,0,False,False,False,False
det_TKEO_std_6_coef,Other,0,0.0,0.0,7803.653123589384,252,0,False,False,False,False
det_TKEO_std_7_coef,Other,0,0.0,0.0,10720.156409372325,252,0,False,False,False,False
det_TKEO_std_8_coef,Other,0,0.0,0.0,51335.860466896396,252,0,False,False,False,False
det_TKEO_std_9_coef,Other,0,0.0,0.0,5018.968763928985,252,0,False,False,False,False
det_TKEO_std_10_coef,Other,0,0.0,0.0,73800.95079841411,252,0,False,False,False,False
app_entropy_shannon_1_coef,Wavelet,0,0.0,0.0,51072727.349912755,252,0,False,False,False,False
app_entropy_shannon_2_coef,Wavelet,0,0.0,0.0,60723889.22619018,252,0,False,False,False,False
app_entropy_shannon_3_coef,Wavelet,0,0.0,0.0,79414250.991226,252,0,False,False,False,False
app_entropy_shannon_4_coef,Wavelet,0,0.0,0.0,113794989.6304096,252,0,False,False,False,False
app_entropy_shannon_5_coef,Wavelet,0,0.0,0.0,183249497.61009693,252,0,False,False,False,False
app_entropy_shannon_6_coef,Wavelet,0,0.0,0.0,325724603.3137678,252,0,False,False,False,False
app_entropy_shannon_7_coef,Wavelet,0,0.0,0.0,640002629.863295,252,0,False,False,False,False
app_entropy_shannon_8_coef,Wavelet,0,0.0,0.0,1249628750.7403083,252,0,False,False,False,False
app_entropy_shannon_9_coef,Wavelet,0,0.0,0.0,2599601571.9418774,252,0,False,False,False,False
app_entropy_shannon_10_coef,Wavelet,0,0.0,0.0,5399508175.997418,252,0,False,False,False,False
app_entropy_log_1_coef,Wavelet,0,0.0,0.0,75.14350701975715,252,0,False,False,False,False
app_entropy_log_2_coef,Wavelet,0,0.0,0.0,41.184581713594554,252,0,False,False,False,False
app_entropy_log_3_coef,Wavelet,0,0.0,0.0,24.301883254682373,252,0,False,False,False,False
app_entropy_log_4_coef,Wavelet,0,0.0,0.0,15.456340841359056,252,0,False,False,False,False
app_entropy_log_5_coef,Wavelet,0,0.0,0.0,11.161185617228073,252,0,False,False,False,False
app_entropy_log_6_coef,Wavelet,0,0.0,0.0,9.221224650121265,252,0,False,False,False,False
app_entropy_log_7_coef,Wavelet,0,0.0,0.0,8.629325730156962,251,0,False,False,False,False
app_entropy_log_8_coef,Wavelet,0,0.0,0.0,8.04021725984981,252,0,False,False,False,False
app_entropy_log_9_coef,Wavelet,0,0.0,0.0,8.039293069104843,252,0,False,False,False,False
app_entropy_log_10_coef,Wavelet,0,0.0,0.0,8.036636521919053,252,0,False,False,False,False
app_det_TKEO_mean_1_coef,Other,0,0.0,0.0,1269.172406493931,252,0,False,False,False,False
app_det_TKEO_mean_2_coef,Other,0,0.0,0.0,3328.660045130267,252,0,False,False,False,False
app_det_TKEO_mean_3_coef,Other,0,0.0,0.0,9091.234366185774,252,0,False,False,False,False
app_det_TKEO_mean_4_coef,Other,0,0.0,0.0,24624.79085644874,252,0,False,False,False,False
app_det_TKEO_mean_5_coef,Other,0,0.0,0.0,62600.084718429505,252,0,False,False,False,False
app_det_TKEO_mean_6_coef,Other,0,0.0,0.0,145481.27863947806,252,0,False,False,False,False
app_det_TKEO_mean_7_coef,Other,0,0.0,0.0,306362.1179665382,252,0,False,False,False,False
app_det_TKEO_mean_8_coef,Other,0,0.0,0.0,648036.7789292771,252,0,False,False,False,False
app_det_TKEO_mean_9_coef,Other,0,0.0,0.0,1294952.4486313886,252,0,False,False,False,False
app_det_TKEO_mean_10_coef,Other,0,0.0,0.0,2584225.076174469,252,0,False,False,False,False
app_TKEO_std_1_coef,Other,0,0.0,0.0,8095.221597805525,252,0,False,False,False,False
app_TKEO_std_2_coef,Other,0,0.0,0.0,17390.318268289604,252,0,False,False,False,False
app_TKEO_std_3_coef,Other,0,0.0,0.0,40203.81669140676,252,0,False,False,False,False
app_TKEO_std_4_coef,Other,0,0.0,0.0,86719.79275424565,252,0,False,False,False,False
app_TKEO_std_5_coef,Other,0,0.0,0.0,194573.1585934497,252,0,False,False,False,False
app_TKEO_std_6_coef,Other,0,0.0,0.0,415618.74467891,252,0,False,False,False,False
app_TKEO_std_7_coef,Other,0,0.0,0.0,853984.8571557509,252,0,False,False,False,False
app_TKEO_std_8_coef,Other,0,0.0,0.0,1720694.3513213054,252,0,False,False,False,False
app_TKEO_std_9_coef,Other,0,0.0,0.0,3419122.474055903,252,0,False,False,False,False
app_TKEO_std_10_coef,Other,0,0.0,0.0,6817611.612097012,252,0,False,False,False,False
Ea2,Other,0,0.0,0.0,0.010452061287612422,84,0,False,False,False,False
Ed2_1_coef,Wavelet,0,0.0,0.0,0.00033076603120200867,250,0,False,False,False,False
Ed2_2_coef,Wavelet,0,0.0,0.0,0.00033655702855034847,250,0,False,False,False,False
Ed2_3_coef,Wavelet,0,0.0,0.0,0.00038648964539507056,249,0,False,False,False,False
Ed2_4_coef,Wavelet,0,0.0,0.0,0.0005802483575880375,251,0,False,False,False,False
Ed2_5_coef,Wavelet,0,0.0,0.0,0.0006086698965643642,250,0,False,False,False,False
Ed2_6_coef,Wavelet,0,0.0,0.0,0.0006466165714008894,249,0,False,False,False,False
Ed2_7_coef,Wavelet,0,0.0,0.0,0.0006849541672137673,250,0,False,False,False,False
Ed2_8_coef,Wavelet,0,0.0,0.0,0.0025549052038232717,251,0,False,False,False,False
Ed2_9_coef,Wavelet,0,0.0,0.0,0.0005800110412733313,251,0,False,False,False,False
Ed2_10_coef,Wavelet,0,0.0,0.0,0.005536141284584842,252,0,False,False,False,False
det_LT_entropy_shannon_1_coef,Wavelet,0,0.0,0.0,0.9127505560420636,252,0,False,False,False,False
det_LT_entropy_shannon_2_coef,Wavelet,0,0.0,0.0,0.8510823382048751,252,0,False,False,False,False
det_LT_entropy_shannon_5_coef,Wavelet,0,0.0,0.0,2.710752778966411,252,0,False,False,False,False
det_LT_entropy_shannon_6_coef,Wavelet,0,0.0,0.0,4.678852499712952,252,0,False,False,False,False
det_LT_entropy_shannon_7_coef,Wavelet,0,0.0,0.0,7.0052898302940445,252,0,False,False,False,False
det_LT_entropy_shannon_8_coef,Wavelet,0,0.0,0.0,35.79236447743952,252,0,False,False,False,False
det_LT_entropy_shannon_9_coef,Wavelet,0,0.0,0.0,2.6445570651120374,252,0,False,False,False,False
det_LT_entropy_shannon_10_coef,Wavelet,0,0.0,0.0,88.5979907371545,252,0,False,False,False,False
det_LT_entropy_log_2_coef,Wavelet,0,0.0,0.0,101.98789669191721,252,0,False,False,False,False
det_LT_entropy_log_3_coef,Wavelet,0,0.0,0.0,59.967573934539,252,0,False,False,False,False
det_LT_entropy_log_4_coef,Wavelet,0,0.0,0.0,40.65795745562928,252,0,False,False,False,False
det_LT_entropy_log_5_coef,Wavelet,0,0.0,0.0,32.58905580614042,252,0,False,False,False,False
det_LT_entropy_log_6_coef,Wavelet,0,0.0,0.0,29.37533784122763,252,0,False,False,False,False
det_LT_entropy_log_7_coef,Wavelet,0,0.0,0.0,29.422365609891024,252,0,False,False,False,False
det_LT_entropy_log_8_coef,Wavelet,0,0.0,0.0,28.734486982956838,252,0,False,False,False,False
det_LT_entropy_log_10_coef,Wavelet,0,0.0,0.0,31.062865741518877,252,0,False,False,False,False
det_LT_TKEO_mean_1_coef,Wavelet,0,0.0,0.0,0.010461076348971884,247,0,False,False,False,False
det_LT_TKEO_mean_2_coef,Wavelet,0,0.0,0.0,0.01685777429077884,245,0,False,False,False,False
det_LT_TKEO_mean_3_coef,Wavelet,0,0.0,0.0,0.039427929182060624,252,0,False,False,False,False
det_LT_TKEO_mean_4_coef,Wavelet,0,0.0,0.0,0.07659756431542677,252,0,False,False,False,False
det_LT_TKEO_mean_5_coef,Wavelet,0,0.0,0.0,0.0979294794396293,252,0,False,False,False,False
det_LT_TKEO_mean_6_coef,Wavelet,0,0.0,0.0,0.14907803707654432,252,0,False,False,False,False
det_LT_TKEO_mean_7_coef,Wavelet,0,0.0,0.0,0.1971142130312562,252,0,False,False,False,False
det_LT_TKEO_mean_8_coef,Wavelet,0,0.0,0.0,0.908279690819786,252,0,False,False,False,False
det_LT_TKEO_mean_9_coef,Wavelet,0,0.0,0.0,0.1352110895265623,252,0,False,False,False,False
det_LT_TKEO_mean_10_coef,Wavelet,0,0.0,0.0,1.9008236715628353,252,0,False,False,False,False
det_LT_TKEO_std_1_coef,Wavelet,0,0.0,0.0,0.03414301503620919,250,0,False,False,False,False
det_LT_TKEO_std_2_coef,Wavelet,0,0.0,0.0,0.04557247351422013,251,0,False,False,False,False
det_LT_TKEO_std_3_coef,Wavelet,0,0.0,0.0,0.0694125158919573,246,0,False,False,False,False
det_LT_TKEO_std_4_coef,Wavelet,0,0.0,0.0,0.1409583855159422,252,0,False,False,False,False
det_LT_TKEO_std_5_coef,Wavelet,0,0.0,0.0,0.2210888574999206,252,0,False,False,False,False
det_LT_TKEO_std_6_coef,Wavelet,0,0.0,0.0,0.34948803650358967,251,0,False,False,False,False
det_LT_TKEO_std_7_coef,Wavelet,0,0.0,0.0,0.4504815627058237,252,0,False,False,False,False
det_LT_TKEO_std_8_coef,Wavelet,0,0.0,0.0,1.9210108373890828,252,0,False,False,False,False
det_LT_TKEO_std_9_coef,Wavelet,0,0.0,0.0,0.2867762177629551,252,0,False,False,False,False
det_LT_TKEO_std_10_coef,Wavelet,0,0.0,0.0,3.7771859366025584,252,0,False,False,False,False
app_LT_entropy_shannon_1_coef,Wavelet,0,0.0,0.0,3073.6849075515656,252,0,False,False,False,False
app_LT_entropy_shannon_2_coef,Wavelet,0,0.0,0.0,3919.8348211064304,252,0,False,False,False,False
app_LT_entropy_shannon_3_coef,Wavelet,0,0.0,0.0,5414.393480410599,252,0,False,False,False,False
app_LT_entropy_shannon_4_coef,Wavelet,0,0.0,0.0,8120.250870731071,252,0,False,False,False,False
app_LT_entropy_shannon_5_coef,Wavelet,0,0.0,0.0,13618.94038570563,252,0,False,False,False,False
app_LT_entropy_shannon_6_coef,Wavelet,0,0.0,0.0,25188.804138729363,252,0,False,False,False,False
app_LT_entropy_shannon_7_coef,Wavelet,0,0.0,0.0,51314.1546359014,252,0,False,False,False,False
app_LT_entropy_shannon_8_coef,Wavelet,0,0.0,0.0,103599.9264631474,252,0,False,False,False,False
app_LT_entropy_shannon_9_coef,Wavelet,0,0.0,0.0,221834.46388720383,252,0,False,False,False,False
app_LT_entropy_shannon_10_coef,Wavelet,0,0.0,0.0,472967.55188512575,252,0,False,False,False,False
app_LT_entropy_log_1_coef,Wavelet,0,0.0,0.0,20.84533933473774,252,0,False,False,False,False
app_LT_entropy_log_2_coef,Wavelet,0,0.0,0.0,12.010904904413492,252,0,False,False,False,False
app_LT_entropy_log_3_coef,Wavelet,0,0.0,0.0,7.100194666396029,252,0,False,False,False,False
app_LT_entropy_log_4_coef,Wavelet,0,0.0,0.0,4.222423204185521,251,0,False,False,False,False
app_LT_entropy_log_5_coef,Wavelet,0,0.0,0.0,2.6702415358790104,252,0,False,False,False,False
app_LT_entropy_log_6_coef,Wavelet,0,0.0,0.0,1.970023928455464,252,0,False,False,False,False
app_LT_entropy_log_7_coef,Wavelet,0,0.0,0.0,1.792407678187814,252,0,False,False,False,False
app_LT_entropy_log_8_coef,Wavelet,0,0.0,0.0,1.5794703455273882,251,0,False,False,False,False
app_LT_entropy_log_9_coef,Wavelet,0,0.0,0.0,1.5794335207436805,251,0,False,False,False,False
app_LT_entropy_log_10_coef,Wavelet,0,0.0,0.0,1.5792914326292216,251,0,False,False,False,False
app_LT_TKEO_mean_1_coef,Wavelet,0,0.0,0.0,0.14122723954393165,251,0,False,False,False,False
app_LT_TKEO_mean_2_coef,Wavelet,0,0.0,0.0,0.4389751506707319,251,0,False,False,False,False
app_LT_TKEO_mean_3_coef,Wavelet,0,0.0,0.0,1.270521749922571,252,0,False,False,False,False
app_LT_TKEO_mean_4_coef,Wavelet,0,0.0,0.0,3.5152078680658954,252,0,False,False,False,False
app_LT_TKEO_mean_5_coef,Wavelet,0,0.0,0.0,8.904619618096758,252,0,False,False,False,False
app_LT_TKEO_mean_6_coef,Wavelet,0,0.0,0.0,20.75967101140491,252,0,False,False,False,False
app_LT_TKEO_mean_7_coef,Wavelet,0,0.0,0.0,44.00791329708279,252,0,False,False,False,False
app_LT_TKEO_mean_8_coef,Wavelet,0,0.0,0.0,93.65569631560365,252,0,False,False,False,False
app_LT_TKEO_mean_9_coef,Wavelet,0,0.0,0.0,187.26961396217365,252,0,False,False,False,False
app_LT_TKEO_mean_10_coef,Wavelet,0,0.0,0.0,374.3969589311044,252,0,False,False,False,False
app_LT_TKEO_std_1_coef,Wavelet,0,0.0,0.0,0.8237457785227763,252,0,False,False,False,False
app_LT_TKEO_std_2_coef,Wavelet,0,0.0,0.0,2.0817772804861208,251,0,False,False,False,False
app_LT_TKEO_std_3_coef,Wavelet,0,0.0,0.0,5.06692392701911,252,0,False,False,False,False
app_LT_TKEO_std_4_coef,Wavelet,0,0.0,0.0,11.926963192750385,252,0,False,False,False,False
app_LT_TKEO_std_5_coef,Wavelet,0,0.0,0.0,27.116006503890848,252,0,False,False,False,False
app_LT_TKEO_std_6_coef,Wavelet,0,0.0,0.0,58.48165209552774,252,0,False,False,False,False
app_LT_TKEO_std_7_coef,Wavelet,0,0.0,0.0,119.91111670886181,252,0,False,False,False,False
app_LT_TKEO_std_8_coef,Wavelet,0,0.0,0.0,247.5167441077149,252,0,False,False,False,False
app_LT_TKEO_std_9_coef,Wavelet,0,0.0,0.0,492.1836280332233,252,0,False,False,False,False
app_LT_TKEO_std_10_coef,Wavelet,0,0.0,0.0,986.8164979127004,252,0,False,False,False,False
tqwt_energy_dec_1,TQWT,0,0.0,0.0,0.0027700650137281713,247,0,False,False,False,False
tqwt_energy_dec_2,TQWT,0,0.0,0.0,0.0025221809312868846,250,0,False,False,False,False
tqwt_energy_dec_3,TQWT,0,0.0,0.0,0.003363431282192897,252,0,False,False,False,False
tqwt_energy_dec_4,TQWT,0,0.0,0.0,0.0036736089844870926,250,0,False,False,False,False
tqwt_energy_dec_5,TQWT,0,0.0,0.0,0.004019812151492711,252,0,False,False,False,False
tqwt_energy_dec_6,TQWT,0,0.0,0.0,0.0033658305622442626,251,0,False,False,False,False
tqwt_energy_dec_7,TQWT,0,0.0,0.0,0.002136437650228028,251,0,False,False,False,False
tqwt_energy_dec_8,TQWT,0,0.0,0.0,0.0028889583979849224,252,0,False,False,False,False
tqwt_energy_dec_9,TQWT,0,0.0,0.0,0.003386445185482601,252,0,False,False,False,False
tqwt_energy_dec_10,TQWT,0,0.0,0.0,0.005883157333919306,252,0,False,False,False,False
tqwt_energy_dec_13,TQWT,0,0.0,0.0,0.02702087895035819,252,0,False,False,False,False
tqwt_energy_dec_14,TQWT,0,0.0,0.0,0.03765024376008143,252,0,False,False,False,False
tqwt_energy_dec_16,TQWT,0,0.0,0.0,0.07000065783950658,252,0,False,False,False,False
tqwt_energy_dec_17,TQWT,0,0.0,0.0,0.07676854211793127,252,0,False,False,False,False
tqwt_energy_dec_20,TQWT,0,0.0,0.0,0.041929183848730546,251,0,False,False,False,False
tqwt_energy_dec_21,TQWT,0,0.0,0.0,0.03812992704606898,252,0,False,False,False,False
tqwt_energy_dec_22,TQWT,0,0.0,0.0,0.04028932290832239,251,0,False,False,False,False
tqwt_energy_dec_23,TQWT,0,0.0,0.0,0.0582351339540457,252,0,False,False,False,False
tqwt_energy_dec_26,TQWT,0,0.0,0.0,0.07920539541597234,252,0,False,False,False,False
tqwt_energy_dec_27,TQWT,0,0.0,0.0,0.08510246952333701,251,0,False,False,False,False
tqwt_energy_dec_28,TQWT,0,0.0,0.0,0.04930595189226657,252,0,False,False,False,False
tqwt_energy_dec_29,TQWT,0,0.0,0.0,0.028067276410913056,252,0,False,False,False,False
tqwt_energy_dec_30,TQWT,0,0.0,0.0,0.004745357458337687,251,0,False,False,False,False
tqwt_energy_dec_31,TQWT,0,0.0,0.0,0.0027629258525653836,250,0,False,False,False,False
tqwt_energy_dec_32,TQWT,0,0.0,0.0,0.004790647237772752,251,0,False,False,False,False
tqwt_energy_dec_34,TQWT,0,0.0,0.0,0.0026505378671741087,251,0,False,False,False,False
tqwt_energy_dec_35,TQWT,0,0.0,0.0,0.0013412582610363216,251,0,False,False,False,False
tqwt_energy_dec_36,TQWT,0,0.0,0.0,0.006994154165165415,250,0,False,False,False,False
tqwt_entropy_shannon_dec_2,TQWT,0,0.0,0.0,12.274809883851015,252,0,False,False,False,False
tqwt_entropy_shannon_dec_3,TQWT,0,0.0,0.0,18.22263242020154,252,0,False,False,False,False
tqwt_entropy_shannon_dec_4,TQWT,0,0.0,0.0,28.73416550679212,252,0,False,False,False,False
tqwt_entropy_shannon_dec_5,TQWT,0,0.0,0.0,40.98641988734852,252,0,False,False,False,False
tqwt_entropy_shannon_dec_6,TQWT,0,0.0,0.0,39.06103513593076,251,0,False,False,False,False
tqwt_entropy_shannon_dec_7,TQWT,0,0.0,0.0,38.32515349909965,252,0,False,False,False,False
tqwt_entropy_shannon_dec_8,TQWT,0,0.0,0.0,51.95999216332677,252,0,False,False,False,False
tqwt_entropy_shannon_dec_9,TQWT,0,0.0,0.0,49.48519945214094,252,0,False,False,False,False
tqwt_entropy_shannon_dec_10,TQWT,0,0.0,0.0,56.14042510809983,252,0,False,False,False,False
tqwt_entropy_shannon_dec_11,TQWT,0,0.0,0.0,71.19574580501374,252,0,False,False,False,False
tqwt_entropy_shannon_dec_12,TQWT,0,0.0,0.0,189.06706093962842,252,0,False,False,False,False
tqwt_entropy_shannon_dec_13,TQWT,0,0.0,0.0,351.7856662680903,252,0,False,False,False,False
tqwt_entropy_shannon_dec_14,TQWT,0,0.0,0.0,423.24859202925586,252,0,False,False,False,False
tqwt_entropy_shannon_dec_15,TQWT,0,0.0,0.0,450.7331351833436,252,0,False,False,False,False
tqwt_entropy_shannon_dec_16,TQWT,0,0.0,0.0,504.9913671327967,252,0,False,False,False,False
tqwt_entropy_shannon_dec_18,TQWT,0,0.0,0.0,388.31125490265174,252,0,False,False,False,False
tqwt_entropy_shannon_dec_19,TQWT,0,0.0,0.0,301.9963026806481,252,0,False,False,False,False
tqwt_entropy_shannon_dec_20,TQWT,0,0.0,0.0,206.1696031960179,252,0,False,False,False,False
tqwt_entropy_shannon_dec_21,TQWT,0,0.0,0.0,180.4860249103344,252,0,False,False,False,False
tqwt_entropy_shannon_dec_22,TQWT,0,0.0,0.0,151.1412697480952,252,0,False,False,False,False
tqwt_entropy_shannon_dec_24,TQWT,0,0.0,0.0,294.4447410054517,252,0,False,False,False,False
tqwt_entropy_shannon_dec_26,TQWT,0,0.0,0.0,353.94443739562166,252,0,False,False,False,False
tqwt_entropy_shannon_dec_28,TQWT,0,0.0,0.0,228.5697437098619,252,0,False,False,False,False
tqwt_entropy_shannon_dec_29,TQWT,0,0.0,0.0,315.3178287323248,252,0,False,False,False,False
tqwt_entropy_shannon_dec_30,TQWT,0,0.0,0.0,12.78578321562163,252,0,False,False,False,False
tqwt_entropy_shannon_dec_31,TQWT,0,0.0,0.0,8.400345043325258,252,0,False,False,False,False
tqwt_entropy_shannon_dec_32,TQWT,0,0.0,0.0,24.998693205945607,252,0,False,False,False,False
tqwt_entropy_shannon_dec_33,TQWT,0,0.0,0.0,18.265499094830542,252,0,False,False,False,False
tqwt_entropy_shannon_dec_34,TQWT,0,0.0,0.0,5.328345081904087,252,0,False,False,False,False
tqwt_entropy_shannon_dec_36,TQWT,0,0.0,0.0,9.138155181902839,252,0,False,False,False,False
tqwt_entropy_log_dec_1,TQWT,0,0.0,0.0,274780.58555136004,252,0,False,False,False,False
tqwt_entropy_log_dec_2,TQWT,0,0.0,0.0,257700.22615596975,252,0,False,False,False,False
tqwt_entropy_log_dec_3,TQWT,0,0.0,0.0,229195.11805249334,252,0,False,False,False,False
tqwt_entropy_log_dec_4,TQWT,0,0.0,0.0,203562.84882487037,252,0,False,False,False,False
tqwt_entropy_log_dec_5,TQWT,0,0.0,0.0,179239.26646199767,252,0,False,False,False,False
tqwt_entropy_log_dec_6,TQWT,0,0.0,0.0,139150.74732308698,252,0,False,False,False,False
tqwt_entropy_log_dec_7,TQWT,0,0.0,0.0,99428.90493287287,252,0,False,False,False,False
tqwt_entropy_log_dec_8,TQWT,0,0.0,0.0,76358.05872555726,252,0,False,False,False,False
tqwt_entropy_log_dec_9,TQWT,0,0.0,0.0,61088.5487438424,252,0,False,False,False,False
tqwt_entropy_log_dec_10,TQWT,0,0.0,0.0,50976.8236584125,252,0,False,False,False,False
tqwt_entropy_log_dec_11,TQWT,0,0.0,0.0,43594.07966711276,252,0,False,False,False,False
tqwt_entropy_log_dec_12,TQWT,0,0.0,0.0,40196.01688188994,252,0,False,False,False,False
tqwt_entropy_log_dec_13,TQWT,0,0.0,0.0,31805.699008352247,252,0,False,False,False,False
tqwt_entropy_log_dec_14,TQWT,0,0.0,0.0,24818.801790473233,252,0,False,False,False,False
tqwt_entropy_log_dec_15,TQWT,0,0.0,0.0,20714.182230460912,252,0,False,False,False,False
tqwt_entropy_log_dec_16,TQWT,0,0.0,0.0,17673.043732044047,252,0,False,False,False,False
tqwt_entropy_log_dec_17,TQWT,0,0.0,0.0,14050.771863655384,252,0,False,False,False,False
tqwt_entropy_log_dec_18,TQWT,0,0.0,0.0,11018.302519649656,252,0,False,False,False,False
tqwt_entropy_log_dec_19,TQWT,0,0.0,0.0,8299.703128793033,252,0,False,False,False,False
tqwt_entropy_log_dec_20,TQWT,0,0.0,0.0,6410.03975049965,252,0,False,False,False,False
tqwt_entropy_log_dec_21,TQWT,0,0.0,0.0,5524.83422738555,252,0,False,False,False,False
tqwt_entropy_log_dec_22,TQWT,0,0.0,0.0,4511.929671522676,252,0,False,False,False,False
tqwt_entropy_log_dec_23,TQWT,0,0.0,0.0,3979.736865453828,252,0,False,False,False,False
tqwt_entropy_log_dec_24,TQWT,0,0.0,0.0,3738.6214930767987,252,0,False,False,False,False
tqwt_entropy_log_dec_25,TQWT,0,0.0,0.0,4165.99171331461,252,0,False,False,False,False
tqwt_entropy_log_dec_27,TQWT,0,0.0,0.0,3943.004753145414,252,0,False,False,False,False
tqwt_entropy_log_dec_29,TQWT,0,0.0,0.0,1831.023542001729,252,0,False,False,False,False
tqwt_entropy_log_dec_30,TQWT,0,0.0,0.0,1341.3070928567247,252,0,False,False,False,False
tqwt_entropy_log_dec_31,TQWT,0,0.0,0.0,1167.0839064349236,252,0,False,False,False,False
tqwt_entropy_log_dec_32,TQWT,0,0.0,0.0,1026.2157738335552,252,0,False,False,False,False
tqwt_entropy_log_dec_34,TQWT,0,0.0,0.0,800.7077750855331,252,0,False,False,False,False
tqwt_entropy_log_dec_35,TQWT,0,0.0,0.0,718.2643483755425,252,0,False,False,False,False
tqwt_entropy_log_dec_36,TQWT,0,0.0,0.0,868.3082300183194,252,0,False,False,False,False
tqwt_TKEO_mean_dec_1,TQWT,0,0.0,0.0,1.7259640328283468e-05,246,0,False,False,False,False
tqwt_TKEO_mean_dec_2,TQWT,0,0.0,0.0,2.5912427817687636e-05,251,0,False,False,False,False
tqwt_TKEO_mean_dec_3,TQWT,0,0.0,0.0,5.1879844877317165e-05,247,0,False,False,False,False
tqwt_TKEO_mean_dec_4,TQWT,0,0.0,0.0,0.00012851691735223445,251,0,False,False,False,False
tqwt_TKEO_mean_dec_5,TQWT,0,0.0,0.0,0.0002917237353533592,252,0,False,False,False,False
tqwt_TKEO_mean_dec_6,TQWT,0,0.0,0.0,0.00038413855101637095,250,0,False,False,False,False
tqwt_TKEO_mean_dec_7,TQWT,0,0.0,0.0,0.0002747427165832224,250,0,False,False,False,False
tqwt_TKEO_mean_dec_8,TQWT,0,0.0,0.0,0.0005830494978752444,251,0,False,False,False,False
tqwt_TKEO_mean_dec_9,TQWT,0,0.0,0.0,0.0005385639703832817,252,0,False,False,False,False
tqwt_TKEO_mean_dec_10,TQWT,0,0.0,0.0,0.000805132005962786,252,0,False,False,False,False
tqwt_TKEO_mean_dec_11,TQWT,0,0.0,0.0,0.0011949459105969399,252,0,False,False,False,False
tqwt_TKEO_mean_dec_12,TQWT,0,0.0,0.0,0.004459978380606668,252,0,False,False,False,False
tqwt_TKEO_mean_dec_13,TQWT,0,0.0,0.0,0.021324691875387308,252,0,False,False,False,False
tqwt_TKEO_mean_dec_14,TQWT,0,0.0,0.0,0.03320267536759841,252,0,False,False,False,False
tqwt_TKEO_mean_dec_15,TQWT,0,0.0,0.0,0.04441293764242939,252,0,False,False,False,False
tqwt_TKEO_mean_dec_16,TQWT,0,0.0,0.0,0.08585792630812342,252,0,False,False,False,False
tqwt_TKEO_mean_dec_17,TQWT,0,0.0,0.0,0.14550459877359254,252,0,False,False,False,False
tqwt_TKEO_mean_dec_19,TQWT,0,0.0,0.0,0.16383960169421077,252,0,False,False,False,False
tqwt_TKEO_mean_dec_20,TQWT,0,0.0,0.0,0.09346824965575641,252,0,False,False,False,False
tqwt_TKEO_mean_dec_22,TQWT,0,0.0,0.0,0.10772446600903253,252,0,False,False,False,False
tqwt_TKEO_mean_dec_23,TQWT,0,0.0,0.0,0.17006966234367005,252,0,False,False,False,False
tqwt_TKEO_mean_dec_24,TQWT,0,0.0,0.0,0.3967672453776515,252,0,False,False,False,False
tqwt_TKEO_mean_dec_25,TQWT,0,0.0,0.0,0.5619322041280519,252,0,False,False,False,False
tqwt_TKEO_mean_dec_26,TQWT,0,0.0,0.0,0.5515335528348231,252,0,False,False,False,False
tqwt_TKEO_mean_dec_27,TQWT,0,0.0,0.0,0.878890019549485,252,0,False,False,False,False
tqwt_TKEO_mean_dec_28,TQWT,0,0.0,0.0,0.41445887209826787,252,0,False,False,False,False
tqwt_TKEO_mean_dec_29,TQWT,0,0.0,0.0,0.49793214129984426,252,0,False,False,False,False
tqwt_TKEO_mean_dec_32,TQWT,0,0.0,0.0,0.07798499906459037,252,0,False,False,False,False
tqwt_TKEO_mean_dec_33,TQWT,0,0.0,0.0,0.08092436975875965,251,0,False,False,False,False
tqwt_TKEO_mean_dec_34,TQWT,0,0.0,0.0,0.018477713690529016,251,0,False,False,False,False
tqwt_TKEO_mean_dec_35,TQWT,0,0.0,0.0,0.014486362773584768,251,0,False,False,False,False
tqwt_TKEO_mean_dec_36,TQWT,0,0.0,0.0,0.046502224912572054,252,0,False,False,False,False
tqwt_TKEO_std_dec_1,TQWT,0,0.0,0.0,4.689207066773516e-05,251,0,False,False,False,False
tqwt_TKEO_std_dec_2,TQWT,0,0.0,0.0,7.13349332410746e-05,250,0,False,False,False,False
tqwt_TKEO_std_dec_3,TQWT,0,0.0,0.0,0.00015338040198135578,249,0,False,False,False,False
tqwt_TKEO_std_dec_4,TQWT,0,0.0,0.0,0.00038552830400007435,249,0,False,False,False,False
tqwt_TKEO_std_dec_5,TQWT,0,0.0,0.0,0.0008929250605648288,251,0,False,False,False,False
tqwt_TKEO_std_dec_6,TQWT,0,0.0,0.0,0.0012340130173682223,249,0,False,False,False,False
tqwt_TKEO_std_dec_7,TQWT,0,0.0,0.0,0.00048603849859965847,251,0,False,False,False,False
tqwt_TKEO_std_dec_8,TQWT,0,0.0,0.0,0.0008635473716248714,250,0,False,False,False,False
tqwt_TKEO_std_dec_9,TQWT,0,0.0,0.0,0.0008804294257906022,252,0,False,False,False,False
tqwt_TKEO_std_dec_10,TQWT,0,0.0,0.0,0.0011223679414086017,250,0,False,False,False,False
tqwt_TKEO_std_dec_13,TQWT,0,0.0,0.0,0.013966863816000688,252,0,False,False,False,False
tqwt_TKEO_std_dec_14,TQWT,0,0.0,0.0,0.026646785376021165,252,0,False,False,False,False
tqwt_TKEO_std_dec_15,TQWT,0,0.0,0.0,0.03855104642998892,252,0,False,False,False,False
tqwt_TKEO_std_dec_16,TQWT,0,0.0,0.0,0.056143849265607025,252,0,False,False,False,False
tqwt_TKEO_std_dec_17,TQWT,0,0.0,0.0,0.09026884386726046,252,0,False,False,False,False
tqwt_TKEO_std_dec_18,TQWT,0,0.0,0.0,0.109443435964061,251,0,False,False,False,False
tqwt_TKEO_std_dec_19,TQWT,0,0.0,0.0,0.08996087995660593,252,0,False,False,False,False
tqwt_TKEO_std_dec_20,TQWT,0,0.0,0.0,0.07281173724697083,252,0,False,False,False,False
tqwt_TKEO_std_dec_21,TQWT,0,0.0,0.0,0.05441643078724491,252,0,False,False,False,False
tqwt_TKEO_std_dec_22,TQWT,0,0.0,0.0,0.051315577731558294,252,0,False,False,False,False
tqwt_TKEO_std_dec_23,TQWT,0,0.0,0.0,0.09963041210697704,252,0,False,False,False,False
tqwt_TKEO_std_dec_24,TQWT,0,0.0,0.0,0.17263717215030353,252,0,False,False,False,False
tqwt_TKEO_std_dec_25,TQWT,0,0.0,0.0,0.21517152950789153,251,0,False,False,False,False
tqwt_TKEO_std_dec_26,TQWT,0,0.0,0.0,0.21113898491482394,252,0,False,False,False,False
tqwt_TKEO_std_dec_27,TQWT,0,0.0,0.0,0.2870442782399778,252,0,False,False,False,False
tqwt_TKEO_std_dec_28,TQWT,0,0.0,0.0,0.18998638704886708,252,0,False,False,False,False
tqwt_TKEO_std_dec_29,TQWT,0,0.0,0.0,0.14580494533163954,252,0,False,False,False,False
tqwt_TKEO_std_dec_30,TQWT,0,0.0,0.0,0.048674732864007815,252,0,False,False,False,False
tqwt_TKEO_std_dec_31,TQWT,0,0.0,0.0,0.024452318455010245,252,0,False,False,False,False
tqwt_TKEO_std_dec_32,TQWT,0,0.0,0.0,0.07181997968610056,252,0,False,False,False,False
tqwt_TKEO_std_dec_33,TQWT,0,0.0,0.0,0.057390678879223854,252,0,False,False,False,False
tqwt_TKEO_std_dec_34,TQWT,0,0.0,0.0,0.022363820716976616,252,0,False,False,False,False
tqwt_TKEO_std_dec_35,TQWT,0,0.0,0.0,0.020000031521990414,252,0,False,False,False,False
tqwt_TKEO_std_dec_36,TQWT,0,0.0,0.0,0.09255148220967142,252,0,False,False,False,False
tqwt_medianValue_dec_11,TQWT,0,0.0,0.0,5.4086610324211245e-05,252,0,False,False,False,False
tqwt_medianValue_dec_15,TQWT,0,0.0,0.0,0.0010993603289846385,252,0,False,False,False,False
tqwt_medianValue_dec_16,TQWT,0,0.0,0.0,0.00044283047063248634,178,0,False,False,False,False
tqwt_medianValue_dec_18,TQWT,0,0.0,0.0,0.0006802083723792346,252,0,False,False,False,False
tqwt_medianValue_dec_21,TQWT,0,0.0,0.0,0.0006577063005568984,252,0,False,False,False,False
tqwt_medianValue_dec_23,TQWT,0,0.0,0.0,0.001159649610607169,252,0,False,False,False,False
tqwt_medianValue_dec_24,TQWT,0,0.0,0.0,0.0018905656210624316,179,0,False,False,False,False
tqwt_medianValue_dec_27,TQWT,0,0.0,0.0,0.004395307432193136,252,0,False,False,False,False
tqwt_medianValue_dec_28,TQWT,0,0.0,0.0,0.007240455589357275,252,0,False,False,False,False
tqwt_medianValue_dec_30,TQWT,0,0.0,0.0,0.0005991206559692032,252,0,False,False,False,False
tqwt_medianValue_dec_32,TQWT,0,0.0,0.0,0.0012275319020599394,252,0,False,False,False,False
tqwt_medianValue_dec_34,TQWT,0,0.0,0.0,0.0012253388168876138,252,0,False,False,False,False
tqwt_medianValue_dec_35,TQWT,0,0.0,0.0,0.0011533428511042042,252,0,False,False,False,False
tqwt_meanValue_dec_1,TQWT,0,0.0,0.0,3.591582572663579e-21,250,0,False,True,False,False
tqwt_meanValue_dec_6,TQWT,0,0.0,0.0,7.897626016840345e-21,251,0,False,True,False,False
tqwt_meanValue_dec_8,TQWT,0,0.0,0.0,1.5750576514552318e-20,252,0,False,True,False,False
tqwt_meanValue_dec_9,TQWT,0,0.0,0.0,2.1314369291564682e-20,251,0,False,True,False,False
tqwt_meanValue_dec_10,TQWT,0,0.0,0.0,2.1703128349989305e-20,252,0,False,True,False,False
tqwt_meanValue_dec_20,TQWT,0,0.0,0.0,2.2550174089158895e-19,252,0,False,True,False,False
tqwt_meanValue_dec_21,TQWT,0,0.0,0.0,5.730057692717353e-19,252,0,False,True,False,False
tqwt_meanValue_dec_23,TQWT,0,0.0,0.0,1.060366614165645e-18,251,0,False,True,False,False
tqwt_meanValue_dec_26,TQWT,0,0.0,0.0,1.1767716787642037e-18,249,0,False,True,False,False
tqwt_meanValue_dec_27,TQWT,0,0.0,0.0,1.6521278480075777e-18,250,0,False,True,False,False
tqwt_meanValue_dec_28,TQWT,0,0.0,0.0,1.325240702431364e-18,252,0,False,True,False,False
tqwt_meanValue_dec_29,TQWT,0,0.0,0.0,5.549944984614855e-19,251,0,False,True,False,False
tqwt_meanValue_dec_31,TQWT,0,0.0,0.0,2.637798758476914e-19,251,0,False,True,False,False
tqwt_meanValue_dec_32,TQWT,0,0.0,0.0,4.792956107832439e-19,252,0,False,True,False,False
tqwt_meanValue_dec_33,TQWT,0,0.0,0.0,7.708608707785723e-19,251,0,False,True,False,False
tqwt_meanValue_dec_34,TQWT,0,0.0,0.0,4.071259557301223e-19,247,0,False,True,False,False
tqwt_meanValue_dec_35,TQWT,0,0.0,0.0,2.9262987392236087e-19,250,0,False,True,False,False
tqwt_stdValue_dec_1,TQWT,0,0.0,0.0,0.0014704150774605526,252,0,False,False,False,False
tqwt_stdValue_dec_2,TQWT,0,0.0,0.0,0.001814873805511169,252,0,False,False,False,False
tqwt_stdValue_dec_3,TQWT,0,0.0,0.0,0.0024958690351079647,252,0,False,False,False,False
tqwt_stdValue_dec_4,TQWT,0,0.0,0.0,0.0035587671090290553,252,0,False,False,False,False
tqwt_stdValue_dec_5,TQWT,0,0.0,0.0,0.004898604406187288,252,0,False,False,False,False
tqwt_stdValue_dec_6,TQWT,0,0.0,0.0,0.005106525370576986,252,0,False,False,False,False
tqwt_stdValue_dec_8,TQWT,0,0.0,0.0,0.007812462048681216,252,0,False,False,False,False
tqwt_stdValue_dec_9,TQWT,0,0.0,0.0,0.009246586024190108,252,0,False,False,False,False
tqwt_stdValue_dec_10,TQWT,0,0.0,0.0,0.010656595711654325,252,0,False,False,False,False
tqwt_stdValue_dec_11,TQWT,0,0.0,0.0,0.0132697113858547,252,0,False,False,False,False
tqwt_stdValue_dec_12,TQWT,0,0.0,0.0,0.027526241639717116,252,0,False,False,False,False
tqwt_stdValue_dec_13,TQWT,0,0.0,0.0,0.05097187883501582,252,0,False,False,False,False
tqwt_stdValue_dec_14,TQWT,0,0.0,0.0,0.06936795077621087,252,0,False,False,False,False
tqwt_stdValue_dec_15,TQWT,0,0.0,0.0,0.08670107088793993,252,0,False,False,False,False
tqwt_stdValue_dec_16,TQWT,0,0.0,0.0,0.11810264475912499,252,0,False,False,False,False
tqwt_stdValue_dec_17,TQWT,0,0.0,0.0,0.14776247425887795,252,0,False,False,False,False
tqwt_stdValue_dec_18,TQWT,0,0.0,0.0,0.16339417313260926,252,0,False,False,False,False
tqwt_stdValue_dec_19,TQWT,0,0.0,0.0,0.14039227117172395,252,0,False,False,False,False
tqwt_stdValue_dec_20,TQWT,0,0.0,0.0,0.10386513971731084,252,0,False,False,False,False
tqwt_stdValue_dec_21,TQWT,0,0.0,0.0,0.11048663324089185,251,0,False,False,False,False
tqwt_stdValue_dec_22,TQWT,0,0.0,0.0,0.11065387264867274,252,0,False,False,False,False
tqwt_stdValue_dec_23,TQWT,0,0.0,0.0,0.1447026137979217,252,0,False,False,False,False
tqwt_stdValue_dec_24,TQWT,0,0.0,0.0,0.22673491360219164,252,0,False,False,False,False
tqwt_stdValue_dec_26,TQWT,0,0.0,0.0,0.2942927823072876,252,0,False,False,False,False
tqwt_stdValue_dec_27,TQWT,0,0.0,0.0,0.300502762526528,252,0,False,False,False,False
tqwt_stdValue_dec_28,TQWT,0,0.0,0.0,0.21300671285581807,252,0,False,False,False,False
tqwt_stdValue_dec_29,TQWT,0,0.0,0.0,0.14264748154801826,252,0,False,False,False,False
tqwt_stdValue_dec_30,TQWT,0,0.0,0.0,0.0644834012954054,252,0,False,False,False,False
tqwt_stdValue_dec_31,TQWT,0,0.0,0.0,0.043658471355994814,252,0,False,False,False,False
tqwt_stdValue_dec_32,TQWT,0,0.0,0.0,0.05342410890466964,252,0,False,False,False,False
tqwt_stdValue_dec_34,TQWT,0,0.0,0.0,0.041831552689495,252,0,False,False,False,False
tqwt_stdValue_dec_35,TQWT,0,0.0,0.0,0.03868550234345735,252,0,False,False,False,False
tqwt_stdValue_dec_36,TQWT,0,0.0,0.0,0.08343143958614506,252,0,False,False,False,False
tqwt_minValue_dec_1,TQWT,0,0.0,0.0,0.026994966592865523,252,0,False,False,False,False
tqwt_minValue_dec_2,TQWT,0,0.0,0.0,0.018265484335051523,251,0,False,False,False,False
tqwt_minValue_dec_3,TQWT,0,0.0,0.0,0.022711717907368728,252,0,False,False,False,False
tqwt_minValue_dec_4,TQWT,0,0.0,0.0,0.029630864508004777,252,0,False,False,False,False
tqwt_minValue_dec_6,TQWT,0,0.0,0.0,0.042630483332259286,252,0,False,False,False,False
tqwt_minValue_dec_7,TQWT,0,0.0,0.0,0.034138027421739936,252,0,False,False,False,False
tqwt_minValue_dec_8,TQWT,0,0.0,0.0,0.04202652742883993,252,0,False,False,False,False
tqwt_minValue_dec_9,TQWT,0,0.0,0.0,0.04884402951438208,252,0,False,False,False,False
tqwt_minValue_dec_10,TQWT,0,0.0,0.0,0.05220506933656281,252,0,False,False,False,False
tqwt_minValue_dec_11,TQWT,0,0.0,0.0,0.05930434994079044,252,0,False,False,False,False
tqwt_minValue_dec_13,TQWT,0,0.0,0.0,0.14875148581775408,252,0,False,False,False,False
tqwt_minValue_dec_14,TQWT,0,0.0,0.0,0.20494746324309532,252,0,False,False,False,False
tqwt_minValue_dec_15,TQWT,0,0.0,0.0,0.24811848866743508,252,0,False,False,False,False
tqwt_minValue_dec_16,TQWT,0,0.0,0.0,0.29678060348071716,251,0,False,False,False,False
tqwt_minValue_dec_18,TQWT,0,0.0,0.0,0.366272150969383,252,0,False,False,False,False
tqwt_minValue_dec_19,TQWT,0,0.0,0.0,0.324530636933468,252,0,False,False,False,False
tqwt_minValue_dec_20,TQWT,0,0.0,0.0,0.25677283211786656,252,0,False,False,False,False
tqwt_minValue_dec_21,TQWT,0,0.0,0.0,0.23577669980740407,252,0,False,False,False,False
tqwt_minValue_dec_22,TQWT,0,0.0,0.0,0.2372502605854683,252,0,False,False,False,False
tqwt_minValue_dec_23,TQWT,0,0.0,0.0,0.3135075363911852,251,0,False,False,False,False
tqwt_minValue_dec_24,TQWT,0,0.0,0.0,0.44443205972463595,252,0,False,False,False,False
tqwt_minValue_dec_27,TQWT,0,0.0,0.0,0.5534709453582196,252,0,False,False,False,False
tqwt_minValue_dec_28,TQWT,0,0.0,0.0,0.4198789368158636,252,0,False,False,False,False
tqwt_minValue_dec_29,TQWT,0,0.0,0.0,0.283886212933,252,0,False,False,False,False
tqwt_minValue_dec_30,TQWT,0,0.0,0.0,0.17457345753800785,252,0,False,False,False,False
tqwt_minValue_dec_31,TQWT,0,0.0,0.0,0.1359808823524721,252,0,False,False,False,False
tqwt_minValue_dec_32,TQWT,0,0.0,0.0,0.15092879378741403,252,0,False,False,False,False
tqwt_minValue_dec_33,TQWT,0,0.0,0.0,0.14290641746794783,252,0,False,False,False,False
tqwt_minValue_dec_34,TQWT,0,0.0,0.0,0.13055676225291413,252,0,False,False,False,False
tqwt_minValue_dec_35,TQWT,0,0.0,0.0,0.12801461444217407,252,0,False,False,False,False
tqwt_minValue_dec_36,TQWT,0,0.0,0.0,0.31946844072994324,252,0,False,False,False,False
tqwt_maxValue_dec_1,TQWT,0,0.0,0.0,0.02605954851684779,252,0,False,False,False,False
tqwt_maxValue_dec_2,TQWT,0,0.0,0.0,0.01786306573867208,252,0,False,False,False,False
tqwt_maxValue_dec_3,TQWT,0,0.0,0.0,0.022590035115940946,252,0,False,False,False,False
tqwt_maxValue_dec_4,TQWT,0,0.0,0.0,0.029562005584630253,252,0,False,False,False,False
tqwt_maxValue_dec_7,TQWT,0,0.0,0.0,0.03443987980040896,252,0,False,False,False,False
tqwt_maxValue_dec_8,TQWT,0,0.0,0.0,0.04173364283330132,252,0,False,False,False,False
tqwt_maxValue_dec_9,TQWT,0,0.0,0.0,0.048673329260972086,252,0,False,False,False,False
tqwt_maxValue_dec_10,TQWT,0,0.0,0.0,0.051509879198250896,252,0,False,False,False,False
tqwt_maxValue_dec_12,TQWT,0,0.0,0.0,0.08766160599587049,252,0,False,False,False,False
tqwt_maxValue_dec_13,TQWT,0,0.0,0.0,0.14673285248845624,252,0,False,False,False,False
tqwt_maxValue_dec_14,TQWT,0,0.0,0.0,0.20511170843624107,252,0,False,False,False,False
tqwt_maxValue_dec_15,TQWT,0,0.0,0.0,0.24947376123586082,251,0,False,False,False,False
tqwt_maxValue_dec_16,TQWT,0,0.0,0.0,0.2975298821726901,252,0,False,False,False,False
tqwt_maxValue_dec_17,TQWT,0,0.0,0.0,0.3437798151124321,252,0,False,False,False,False
tqwt_maxValue_dec_18,TQWT,0,0.0,0.0,0.3670859660530976,252,0,False,False,False,False
tqwt_maxValue_dec_19,TQWT,0,0.0,0.0,0.32607518601693974,252,0,False,False,False,False
tqwt_maxValue_dec_20,TQWT,0,0.0,0.0,0.25725412502853673,252,0,False,False,False,False
tqwt_maxValue_dec_21,TQWT,0,0.0,0.0,0.2368504859854458,252,0,False,False,False,False
tqwt_maxValue_dec_22,TQWT,0,0.0,0.0,0.23748824109273264,252,0,False,False,False,False
tqwt_maxValue_dec_23,TQWT,0,0.0,0.0,0.3118352790250378,252,0,False,False,False,False
tqwt_maxValue_dec_26,TQWT,0,0.0,0.0,0.5518151326915535,252,0,False,False,False,False
tqwt_maxValue_dec_27,TQWT,0,0.0,0.0,0.5523019771545825,252,0,False,False,False,False
tqwt_maxValue_dec_28,TQWT,0,0.0,0.0,0.4188067134113114,252,0,False,False,False,False
tqwt_maxValue_dec_29,TQWT,0,0.0,0.0,0.2866401063765597,252,0,False,False,False,False
tqwt_maxValue_dec_30,TQWT,0,0.0,0.0,0.1744959569834778,252,0,False,False,False,False
tqwt_maxValue_dec_31,TQWT,0,0.0,0.0,0.1340936665452359,252,0,False,False,False,False
tqwt_maxValue_dec_32,TQWT,0,0.0,0.0,0.14613561832840596,252,0,False,False,False,False
tqwt_maxValue_dec_33,TQWT,0,0.0,0.0,0.1469994636237887,252,0,False,False,False,False
tqwt_maxValue_dec_34,TQWT,0,0.0,0.0,0.13240530031654213,252,0,False,False,False,False
tqwt_maxValue_dec_35,TQWT,0,0.0,0.0,0.13238998519483441,252,0,False,False,False,False
tqwt_maxValue_dec_36,TQWT,0,0.0,0.0,0.3344106425254753,252,0,False,False,False,False
tqwt_skewnessValue_dec_1,TQWT,0,0.0,0.0,6.048271192427671,252,0,False,False,False,False
tqwt_skewnessValue_dec_2,TQWT,0,0.0,0.0,2.0450879208562367,252,0,False,False,False,False
tqwt_skewnessValue_dec_5,TQWT,0,0.0,0.0,0.05883217930980855,252,0,False,False,False,False
tqwt_skewnessValue_dec_7,TQWT,0,0.0,0.0,0.18601455148778326,252,0,False,False,False,False
tqwt_skewnessValue_dec_8,TQWT,0,0.0,0.0,0.021672094071865215,252,0,False,False,False,False
tqwt_skewnessValue_dec_13,TQWT,0,0.0,0.0,0.007929870269305651,252,0,False,False,False,False
tqwt_skewnessValue_dec_15,TQWT,0,0.0,0.0,0.019024547247342816,252,0,False,False,False,False
tqwt_skewnessValue_dec_16,TQWT,0,0.0,0.0,0.007078873768756404,251,0,False,False,False,False
tqwt_skewnessValue_dec_19,TQWT,0,0.0,0.0,0.017414387248792428,252,0,False,False,False,False
tqwt_skewnessValue_dec_20,TQWT,0,0.0,0.0,0.007786934466010251,252,0,False,False,False,False
tqwt_skewnessValue_dec_22,TQWT,0,0.0,0.0,0.008884794798969128,252,0,False,False,False,False
tqwt_skewnessValue_dec_23,TQWT,0,0.0,0.0,0.006728684872710859,252,0,False,False,False,False
tqwt_skewnessValue_dec_26,TQWT,0,0.0,0.0,0.3135179683736586,251,0,False,False,False,False
tqwt_skewnessValue_dec_29,TQWT,0,0.0,0.0,0.9758279927786497,252,0,False,False,False,False
tqwt_skewnessValue_dec_31,TQWT,0,0.0,0.0,0.7303213715053664,252,0,False,False,False,False
tqwt_skewnessValue_dec_34,TQWT,0,0.0,0.0,0.8505171788136131,252,0,False,False,False,False
tqwt_skewnessValue_dec_36,TQWT,0,0.0,0.0,2.7218008265388325,252,0,False,False,False,False
tqwt_kurtosisValue_dec_3,TQWT,0,0.0,0.0,1199.8257100520125,252,0,False,False,False,False
tqwt_kurtosisValue_dec_4,TQWT,0,0.0,0.0,1154.9304348391593,252,0,False,False,False,False
tqwt_kurtosisValue_dec_5,TQWT,0,0.0,0.0,1112.5660374808938,252,0,False,False,False,False
tqwt_kurtosisValue_dec_6,TQWT,0,0.0,0.0,734.1205434302385,252,0,False,False,False,False
tqwt_kurtosisValue_dec_7,TQWT,0,0.0,0.0,184.2862161963958,252,0,False,False,False,False
tqwt_kurtosisValue_dec_8,TQWT,0,0.0,0.0,45.391312087611695,252,0,False,False,False,False
tqwt_kurtosisValue_dec_9,TQWT,0,0.0,0.0,44.7735649453472,252,0,False,False,False,False
tqwt_kurtosisValue_dec_10,TQWT,0,0.0,0.0,43.12901570698244,252,0,False,False,False,False
tqwt_kurtosisValue_dec_12,TQWT,0,0.0,0.0,22.638960153872596,252,0,False,False,False,False
tqwt_kurtosisValue_dec_13,TQWT,0,0.0,0.0,3.0299119987135836,252,0,False,False,False,False
tqwt_kurtosisValue_dec_14,TQWT,0,0.0,0.0,2.0597153892034994,251,0,False,False,False,False
tqwt_kurtosisValue_dec_15,TQWT,0,0.0,0.0,1.5914599548846664,251,0,False,False,False,False
tqwt_kurtosisValue_dec_17,TQWT,0,0.0,0.0,1.0193442846923284,252,0,False,False,False,False
tqwt_kurtosisValue_dec_19,TQWT,0,0.0,0.0,0.8031524329368636,252,0,False,False,False,False
tqwt_kurtosisValue_dec_22,TQWT,0,0.0,0.0,0.6369587862876196,252,0,False,False,False,False
tqwt_kurtosisValue_dec_23,TQWT,0,0.0,0.0,1.1538764671335853,251,0,False,False,False,False
tqwt_kurtosisValue_dec_24,TQWT,0,0.0,0.0,3.7114696253660697,249,0,False,False,False,False
tqwt_kurtosisValue_dec_25,TQWT,0,0.0,0.0,28.261632673386018,247,0,False,False,False,False
tqwt_kurtosisValue_dec_29,TQWT,0,0.0,0.0,25.83958601694459,252,0,False,False,False,False
tqwt_kurtosisValue_dec_30,TQWT,0,0.0,0.0,20.016242917862634,252,0,False,False,False,False
tqwt_kurtosisValue_dec_31,TQWT,0,0.0,0.0,16.037014732622993,252,0,False,False,False,False
tqwt_kurtosisValue_dec_32,TQWT,0,0.0,0.0,14.632934465751802,252,0,False,False,False,False
tqwt_kurtosisValue_dec_34,TQWT,0,0.0,0.0,12.349700187161492,252,0,False,False,False,False
